{"cameraMode":{"drawMode":0,"name":"Shaded","section":"Shading Mode"},"sceneLighting":true,"audioPlay":false,"sceneViewState":{"m_AlwaysRefresh":false,"showFog":true,"showSkybox":true,"showFlares":true,"showImageEffects":true,"showParticleSystems":true,"showVisualEffectGraphs":true,"m_FxEnabled":true},"in2DMode":false,"pivot":{"x":0.29960310459136965,"y":-3.193798780441284,"z":1.4927306175231934},"rotation":{"x":-0.2815227210521698,"y":-0.014838031493127346,"z":0.0031728551257401706,"w":-0.9597510099411011},"size":4.507394790649414,"orthographic":false}