{"cameraMode":{"drawMode":0,"name":"Shaded","section":"Shading Mode"},"sceneLighting":true,"audioPlay":false,"sceneViewState":{"m_AlwaysRefresh":false,"showFog":true,"showSkybox":true,"showFlares":true,"showImageEffects":true,"showParticleSystems":true,"showVisualEffectGraphs":true,"m_FxEnabled":true},"in2DMode":false,"pivot":{"x":-2.137174606323242,"y":-0.27745160460472109,"z":-2.7142882347106935},"rotation":{"x":0.363433301448822,"y":0.23776620626449586,"z":-0.09648693352937699,"w":0.8955876231193543},"size":2.6339452266693117,"orthographic":false}