{"cameraMode":{"drawMode":0,"name":"Shaded","section":"Shading Mode"},"sceneLighting":false,"audioPlay":false,"sceneViewState":{"m_AlwaysRefresh":false,"showFog":true,"showSkybox":false,"showFlares":true,"showImageEffects":true,"showParticleSystems":true,"showVisualEffectGraphs":true,"m_FxEnabled":true},"in2DMode":false,"pivot":{"x":0.13930809497833253,"y":-0.02212671935558319,"z":-4.820947170257568},"rotation":{"x":0.15228067338466645,"y":-0.678970456123352,"z":0.14706550538539887,"w":0.7030277848243713},"size":0.24319222569465638,"orthographic":false}