{"cameraMode":{"drawMode":0,"name":"Shaded","section":"Shading Mode"},"sceneLighting":true,"audioPlay":false,"sceneViewState":{"m_AlwaysRefresh":false,"showFog":true,"showSkybox":true,"showFlares":true,"showImageEffects":true,"showParticleSystems":true,"showVisualEffectGraphs":true,"m_FxEnabled":true},"in2DMode":false,"pivot":{"x":-0.9217638969421387,"y":0.9241205453872681,"z":-0.9925553798675537},"rotation":{"x":-0.25857529044151308,"y":-0.45823752880096438,"z":0.1412964165210724,"w":-0.8385825753211975},"size":1.3425581455230713,"orthographic":false}