{"cameraMode":{"drawMode":0,"name":"Shaded","section":"Shading Mode"},"sceneLighting":true,"audioPlay":false,"sceneViewState":{"m_AlwaysRefresh":false,"showFog":true,"showSkybox":true,"showFlares":true,"showImageEffects":true,"showParticleSystems":true,"showVisualEffectGraphs":true,"m_FxEnabled":true},"in2DMode":false,"pivot":{"x":-3.075761079788208,"y":0.10151219367980957,"z":-0.8960773944854736},"rotation":{"x":-0.5000547170639038,"y":0.09392938017845154,"z":-0.05466505512595177,"w":-0.8591634035110474},"size":1.3425581455230713,"orthographic":false}