{"cameraMode":{"drawMode":0,"name":"Shaded","section":"Shading Mode"},"sceneLighting":true,"audioPlay":false,"sceneViewState":{"m_AlwaysRefresh":false,"showFog":true,"showSkybox":true,"showFlares":true,"showImageEffects":true,"showParticleSystems":true,"showVisualEffectGraphs":true,"m_FxEnabled":true},"in2DMode":false,"pivot":{"x":0.17732550203800202,"y":-0.3848693370819092,"z":-4.4352803230285648},"rotation":{"x":0.48222997784614565,"y":0.023647725582122804,"z":-0.013023433275520802,"w":0.8756303191184998},"size":0.8660253882408142,"orthographic":false}