{"cameraMode":{"drawMode":0,"name":"Shaded","section":"Shading Mode"},"sceneLighting":true,"audioPlay":false,"sceneViewState":{"m_AlwaysRefresh":false,"showFog":true,"showSkybox":true,"showFlares":true,"showImageEffects":true,"showParticleSystems":true,"showVisualEffectGraphs":true,"m_FxEnabled":true},"in2DMode":false,"pivot":{"x":-2.071927070617676,"y":0.005000114440917969,"z":-1.1924381256103516},"rotation":{"x":0.4985067844390869,"y":-0.30974918603897097,"z":0.19654116034507752,"w":0.7854806780815125},"size":1.5568006038665772,"orthographic":false}