{"cameraMode":{"drawMode":0,"name":"Shaded","section":"Shading Mode"},"sceneLighting":true,"audioPlay":false,"sceneViewState":{"m_AlwaysRefresh":false,"showFog":true,"showSkybox":true,"showFlares":true,"showImageEffects":true,"showParticleSystems":true,"showVisualEffectGraphs":true,"m_FxEnabled":true},"in2DMode":false,"pivot":{"x":-0.47656527161598208,"y":3.3517496585845949,"z":-4.712086200714111},"rotation":{"x":0.01769174449145794,"y":0.00807994045317173,"z":0.00022048727259971201,"w":-0.9998783469200134},"size":3.534853935241699,"orthographic":false}