{"cameraMode":{"drawMode":0,"name":"Shaded","section":"Shading Mode"},"sceneLighting":true,"audioPlay":false,"sceneViewState":{"m_AlwaysRefresh":false,"showFog":true,"showSkybox":true,"showFlares":true,"showImageEffects":true,"showParticleSystems":true,"showVisualEffectGraphs":true,"m_FxEnabled":true},"in2DMode":false,"pivot":{"x":-2.8369479179382326,"y":1.109713077545166,"z":1.2671620845794678},"rotation":{"x":-0.042589906603097919,"y":0.0006333287456072867,"z":-0.0001229320332640782,"w":0.9991434812545776},"size":2.3967952728271486,"orthographic":false}