{"cameraMode":{"drawMode":0,"name":"Shaded","section":"Shading Mode"},"sceneLighting":true,"audioPlay":false,"sceneViewState":{"m_AlwaysRefresh":false,"showFog":true,"showSkybox":true,"showFlares":true,"showImageEffects":true,"showParticleSystems":true,"showVisualEffectGraphs":true,"m_FxEnabled":true},"in2DMode":false,"pivot":{"x":-0.8276908993721008,"y":2.924819231033325,"z":-4.06564474105835},"rotation":{"x":-0.2963724136352539,"y":0.01432601548731327,"z":-0.004389562644064426,"w":-0.9550179243087769},"size":0.08321690559387207,"orthographic":false}