{"cameraMode":{"drawMode":0,"name":"Shaded","section":"Shading Mode"},"sceneLighting":true,"audioPlay":false,"sceneViewState":{"m_AlwaysRefresh":false,"showFog":true,"showSkybox":true,"showFlares":true,"showImageEffects":true,"showParticleSystems":true,"showVisualEffectGraphs":true,"m_FxEnabled":true},"in2DMode":false,"pivot":{"x":-0.04999995231628418,"y":4.229999542236328,"z":-4.067999839782715},"rotation":{"x":0.3105887770652771,"y":0.023360878229141237,"z":-0.007793995551764965,"w":0.9502760767936707},"size":0.8660253882408142,"orthographic":false}