{"cameraMode":{"drawMode":0,"name":"Shaded","section":"Shading Mode"},"sceneLighting":true,"audioPlay":false,"sceneViewState":{"m_AlwaysRefresh":false,"showFog":true,"showSkybox":true,"showFlares":true,"showImageEffects":true,"showParticleSystems":true,"showVisualEffectGraphs":true,"m_FxEnabled":true},"in2DMode":false,"pivot":{"x":-0.4864243268966675,"y":11.757715225219727,"z":43.5359992980957},"rotation":{"x":-0.11047518253326416,"y":-0.00894697941839695,"z":-0.000982188619673252,"w":0.9938543438911438},"size":23.92242431640625,"orthographic":false}