{"cameraMode":{"drawMode":0,"name":"Shaded","section":"Shading Mode"},"sceneLighting":false,"audioPlay":false,"sceneViewState":{"m_AlwaysRefresh":false,"showFog":true,"showSkybox":false,"showFlares":true,"showImageEffects":true,"showParticleSystems":true,"showVisualEffectGraphs":true,"m_FxEnabled":true},"in2DMode":false,"pivot":{"x":-0.4232444763183594,"y":0.6797438859939575,"z":-2.185821533203125},"rotation":{"x":-0.049087073653936389,"y":0.9394996762275696,"z":0.15178701281547547,"w":0.3035523295402527},"size":0.47208598256111147,"orthographic":false}